AÑO,DEPARTAMENTO,FECHA_ACC,DIA_SEMANA_ACC,CONDIC_METEOR,ESTADO_SUPER,TERRENO,GEOMETRIA_ACC,N_HERIDOS,N_MUERTOS,N_VICTIMAS,CLASE_ACCIDENTE,CAUSA_POSIBLE
2023,Santander,2023-09-16,Martes,Soleado,Húmeda,Montañoso,Recta,1,0,1,Volcamiento,No mantener distancia
2023,Santander,2023-02-01,Viernes,Nublado,Húmeda,Montañoso,Curva,3,0,3,Atropello,No mantener distancia
2023,Córdoba,2023-11-08,Viernes,Lluvia,Húmeda,Plano,Recta,0,0,0,Atropello,Inexperiencia
2023,Cundinamarca,2023-05-06,Miércoles,Soleado,Seca,Plano,Recta,1,0,1,Atropello,No mantener distancia
2023,Córdoba,2023-04-18,Miércoles,Lluvia,Húmeda,Plano,Curva,0,0,0,Colisión,Exceso de velocidad
2023,Córdoba,2023-07-18,Sábado,Lluvia,Húmeda,Montañoso,Curva,0,1,1,Atropello,No mantener distancia
2023,Antioquia,2023-05-05,Viernes,Soleado,Húmeda,Plano,Recta,0,0,0,Colisión,Inexperiencia
2023,Antioquia,2023-09-24,Miércoles,Lluvia,Húmeda,Montañoso,Curva,2,0,2,Atropello,Exceso de velocidad
2023,Antioquia,2023-10-28,Viernes,Lluvia,Seca,Plano,Curva,0,0,0,Colisión,Exceso de velocidad
2023,Córdoba,2023-07-19,Lunes,Lluvia,Seca,Plano,Recta,0,0,0,Atropello,Exceso de velocidad
2023,Santander,2023-10-28,Domingo,Lluvia,Seca,Plano,Curva,1,0,1,Atropello,Exceso de velocidad
2023,Córdoba,2023-02-13,Jueves,Nublado,Seca,Montañoso,Curva,2,0,2,Atropello,Inexperiencia
2023,Santander,2023-10-18,Domingo,Soleado,Seca,Plano,Curva,1,0,1,Atropello,No mantener distancia
2023,Córdoba,2023-06-17,Jueves,Nublado,Húmeda,Montañoso,Recta,0,0,0,Atropello,No mantener distancia
2023,Boyacá,2023-01-22,Sábado,Lluvia,Seca,Montañoso,Recta,0,0,0,Colisión,Exceso de velocidad
2023,Antioquia,2023-04-17,Lunes,Lluvia,Seca,Montañoso,Recta,0,0,0,Volcamiento,Exceso de velocidad
2023,Santander,2023-07-05,Domingo,Lluvia,Seca,Plano,Curva,1,1,2,Colisión,Exceso de velocidad
2023,Cundinamarca,2023-02-05,Martes,Nublado,Seca,Montañoso,Curva,0,0,0,Colisión,Exceso de velocidad
2023,Santander,2023-04-16,Jueves,Lluvia,Húmeda,Plano,Recta,0,0,0,Volcamiento,Inexperiencia
2023,Cundinamarca,2023-12-09,Martes,Lluvia,Seca,Plano,Recta,2,0,2,Colisión,Exceso de velocidad
2023,Antioquia,2023-05-27,Lunes,Soleado,Seca,Plano,Recta,1,0,1,Volcamiento,No mantener distancia
2023,Antioquia,2023-03-13,Jueves,Soleado,Seca,Montañoso,Curva,0,0,0,Volcamiento,No mantener distancia
2023,Cundinamarca,2023-06-11,Viernes,Nublado,Seca,Montañoso,Curva,0,0,0,Atropello,Exceso de velocidad
2023,Antioquia,2023-03-22,Domingo,Nublado,Seca,Plano,Curva,0,0,0,Atropello,Inexperiencia
2023,Santander,2023-06-28,Miércoles,Lluvia,Seca,Montañoso,Curva,0,0,0,Volcamiento,No mantener distancia
2023,Santander,2023-11-18,Sábado,Lluvia,Húmeda,Montañoso,Curva,1,0,1,Colisión,Exceso de velocidad
2023,Córdoba,2023-05-12,Domingo,Nublado,Seca,Plano,Curva,0,0,0,Colisión,Inexperiencia
2023,Cundinamarca,2023-10-16,Martes,Soleado,Húmeda,Plano,Recta,0,0,0,Atropello,Inexperiencia
2023,Santander,2023-10-28,Viernes,Lluvia,Seca,Montañoso,Curva,2,0,2,Atropello,No mantener distancia
2023,Córdoba,2023-11-09,Sábado,Nublado,Seca,Montañoso,Recta,1,0,1,Atropello,Exceso de velocidad
2023,Boyacá,2023-12-05,Domingo,Nublado,Húmeda,Plano,Recta,1,0,1,Atropello,Exceso de velocidad
2023,Boyacá,2023-02-05,Viernes,Soleado,Húmeda,Plano,Recta,0,0,0,Volcamiento,Inexperiencia
2023,Cundinamarca,2023-08-17,Domingo,Soleado,Húmeda,Plano,Curva,0,0,0,Volcamiento,No mantener distancia
2023,Córdoba,2023-02-01,Miércoles,Nublado,Húmeda,Montañoso,Curva,1,0,1,Atropello,No mantener distancia
2023,Boyacá,2023-03-26,Sábado,Soleado,Húmeda,Plano,Curva,0,0,0,Volcamiento,Exceso de velocidad
2023,Cundinamarca,2023-08-27,Sábado,Lluvia,Húmeda,Plano,Curva,0,0,0,Volcamiento,No mantener distancia
2023,Santander,2023-07-14,Sábado,Lluvia,Seca,Plano,Recta,0,0,0,Colisión,Inexperiencia
2023,Santander,2023-06-02,Domingo,Soleado,Seca,Montañoso,Curva,1,0,1,Volcamiento,No mantener distancia
2023,Santander,2023-08-21,Jueves,Nublado,Seca,Montañoso,Curva,2,0,2,Atropello,No mantener distancia
2023,Córdoba,2023-09-13,Viernes,Nublado,Húmeda,Montañoso,Curva,1,0,1,Colisión,Inexperiencia
2023,Santander,2023-02-15,Martes,Nublado,Seca,Montañoso,Recta,0,1,1,Colisión,Exceso de velocidad
2023,Córdoba,2023-08-18,Miércoles,Soleado,Húmeda,Plano,Recta,0,0,0,Colisión,Inexperiencia
2023,Córdoba,2023-01-07,Viernes,Soleado,Seca,Montañoso,Curva,0,0,0,Volcamiento,Inexperiencia
2023,Santander,2023-08-26,Domingo,Lluvia,Seca,Plano,Curva,1,0,1,Volcamiento,Inexperiencia
2023,Córdoba,2023-09-24,Sábado,Soleado,Húmeda,Plano,Curva,0,0,0,Volcamiento,No mantener distancia
2023,Córdoba,2023-03-06,Viernes,Nublado,Seca,Montañoso,Recta,0,0,0,Volcamiento,Inexperiencia
2023,Cundinamarca,2023-11-07,Jueves,Lluvia,Seca,Montañoso,Curva,0,0,0,Colisión,Inexperiencia
2023,Boyacá,2023-10-18,Sábado,Nublado,Seca,Montañoso,Recta,0,0,0,Atropello,No mantener distancia
2023,Boyacá,2023-05-26,Miércoles,Nublado,Húmeda,Plano,Recta,0,0,0,Atropello,No mantener distancia
2023,Santander,2023-04-20,Miércoles,Nublado,Seca,Plano,Recta,3,0,3,Volcamiento,No mantener distancia
2023,Antioquia,2023-06-08,Martes,Soleado,Húmeda,Montañoso,Recta,0,0,0,Colisión,Inexperiencia
2023,Cundinamarca,2023-10-18,Viernes,Lluvia,Seca,Plano,Recta,1,0,1,Atropello,Inexperiencia
2023,Cundinamarca,2023-05-06,Miércoles,Lluvia,Húmeda,Montañoso,Curva,0,0,0,Volcamiento,Inexperiencia
2023,Cundinamarca,2023-12-12,Domingo,Soleado,Seca,Plano,Curva,1,0,1,Colisión,No mantener distancia
2023,Cundinamarca,2023-05-18,Jueves,Lluvia,Seca,Plano,Recta,2,0,2,Colisión,No mantener distancia
2023,Antioquia,2023-05-09,Miércoles,Nublado,Seca,Plano,Curva,2,0,2,Volcamiento,No mantener distancia
2023,Cundinamarca,2023-07-03,Martes,Soleado,Seca,Plano,Curva,0,0,0,Atropello,Inexperiencia
2023,Boyacá,2023-08-14,Domingo,Soleado,Húmeda,Montañoso,Recta,0,0,0,Volcamiento,No mantener distancia
2023,Antioquia,2023-12-18,Jueves,Soleado,Húmeda,Montañoso,Curva,0,0,0,Colisión,No mantener distancia
2023,Cundinamarca,2023-02-13,Lunes,Lluvia,Húmeda,Plano,Recta,2,1,3,Volcamiento,No mantener distancia
2023,Cundinamarca,2023-02-14,Lunes,Soleado,Húmeda,Montañoso,Curva,0,0,0,Volcamiento,Inexperiencia
2023,Antioquia,2023-04-24,Sábado,Lluvia,Húmeda,Plano,Curva,0,0,0,Atropello,No mantener distancia
2023,Córdoba,2023-10-04,Martes,Nublado,Húmeda,Montañoso,Recta,1,1,2,Colisión,Inexperiencia
2023,Boyacá,2023-10-12,Lunes,Soleado,Húmeda,Plano,Recta,0,0,0,Colisión,Exceso de velocidad
2023,Santander,2023-04-14,Viernes,Soleado,Húmeda,Montañoso,Curva,2,1,3,Volcamiento,No mantener distancia
2023,Cundinamarca,2023-12-01,Viernes,Soleado,Seca,Plano,Curva,1,0,1,Volcamiento,Exceso de velocidad
2023,Santander,2023-12-07,Sábado,Nublado,Seca,Plano,Curva,0,0,0,Colisión,Inexperiencia
2023,Santander,2023-05-25,Lunes,Soleado,Húmeda,Plano,Recta,1,0,1,Atropello,No mantener distancia
2023,Santander,2023-08-11,Jueves,Lluvia,Húmeda,Montañoso,Curva,1,0,1,Atropello,No mantener distancia
2023,Cundinamarca,2023-10-11,Lunes,Lluvia,Húmeda,Montañoso,Recta,1,1,2,Atropello,No mantener distancia
2023,Boyacá,2023-04-07,Domingo,Nublado,Húmeda,Montañoso,Recta,0,0,0,Volcamiento,No mantener distancia
2023,Boyacá,2023-09-26,Jueves,Soleado,Seca,Montañoso,Recta,0,0,0,Colisión,Exceso de velocidad
2023,Antioquia,2023-06-03,Martes,Soleado,Húmeda,Plano,Recta,1,0,1,Volcamiento,Inexperiencia
2023,Antioquia,2023-10-02,Sábado,Lluvia,Húmeda,Montañoso,Recta,0,0,0,Colisión,No mantener distancia
2023,Antioquia,2023-08-01,Viernes,Soleado,Húmeda,Montañoso,Curva,1,0,1,Atropello,No mantener distancia
2023,Antioquia,2023-07-18,Domingo,Nublado,Seca,Montañoso,Recta,0,0,0,Atropello,No mantener distancia
2023,Antioquia,2023-12-24,Jueves,Soleado,Húmeda,Plano,Curva,0,0,0,Volcamiento,Exceso de velocidad
2023,Boyacá,2023-09-15,Sábado,Lluvia,Seca,Montañoso,Recta,0,0,0,Atropello,Exceso de velocidad
2023,Boyacá,2023-07-05,Lunes,Nublado,Seca,Plano,Curva,2,0,2,Colisión,No mantener distancia
2023,Boyacá,2023-07-02,Viernes,Lluvia,Seca,Plano,Curva,1,1,2,Colisión,No mantener distancia
2023,Cundinamarca,2023-02-03,Martes,Soleado,Húmeda,Montañoso,Curva,1,0,1,Volcamiento,Inexperiencia
2023,Antioquia,2023-03-22,Miércoles,Nublado,Húmeda,Montañoso,Recta,0,0,0,Atropello,Exceso de velocidad
2023,Antioquia,2023-10-15,Viernes,Lluvia,Húmeda,Montañoso,Curva,0,0,0,Colisión,No mantener distancia
2023,Santander,2023-08-07,Domingo,Lluvia,Seca,Plano,Recta,2,1,3,Atropello,No mantener distancia
2023,Córdoba,2023-06-04,Lunes,Lluvia,Seca,Plano,Curva,1,0,1,Colisión,No mantener distancia
2023,Boyacá,2023-10-27,Domingo,Nublado,Húmeda,Montañoso,Curva,1,0,1,Atropello,Exceso de velocidad
2023,Antioquia,2023-01-27,Martes,Soleado,Húmeda,Montañoso,Recta,0,0,0,Colisión,Exceso de velocidad
2023,Santander,2023-08-06,Viernes,Soleado,Húmeda,Montañoso,Curva,0,0,0,Atropello,Inexperiencia
2023,Santander,2023-03-07,Jueves,Nublado,Húmeda,Montañoso,Recta,2,0,2,Volcamiento,Exceso de velocidad
2023,Santander,2023-06-02,Miércoles,Soleado,Seca,Montañoso,Recta,0,0,0,Atropello,Inexperiencia
2023,Santander,2023-06-20,Viernes,Lluvia,Seca,Montañoso,Curva,2,0,2,Volcamiento,Inexperiencia
2023,Cundinamarca,2023-02-27,Domingo,Nublado,Seca,Montañoso,Recta,1,0,1,Atropello,Inexperiencia
2023,Antioquia,2023-02-20,Miércoles,Lluvia,Seca,Plano,Recta,0,0,0,Colisión,Inexperiencia
2023,Cundinamarca,2023-01-10,Domingo,Soleado,Seca,Montañoso,Recta,0,1,1,Volcamiento,No mantener distancia
2023,Antioquia,2023-06-20,Sábado,Nublado,Húmeda,Montañoso,Curva,1,0,1,Colisión,Inexperiencia
2023,Córdoba,2023-09-14,Martes,Nublado,Seca,Plano,Recta,1,0,1,Atropello,Exceso de velocidad
2023,Antioquia,2023-07-22,Miércoles,Nublado,Seca,Montañoso,Recta,0,0,0,Volcamiento,No mantener distancia
2023,Cundinamarca,2023-07-18,Lunes,Nublado,Húmeda,Montañoso,Recta,0,0,0,Volcamiento,Inexperiencia
2023,Boyacá,2023-06-08,Domingo,Soleado,Húmeda,Montañoso,Curva,0,0,0,Volcamiento,Inexperiencia
2023,Antioquia,2023-04-04,Viernes,Lluvia,Seca,Montañoso,Curva,0,0,0,Colisión,Exceso de velocidad
2023,Córdoba,2023-01-09,Lunes,Nublado,Húmeda,Montañoso,Curva,1,0,1,Atropello,No mantener distancia
2023,Cundinamarca,2023-01-02,Sábado,Soleado,Húmeda,Plano,Curva,0,0,0,Volcamiento,Inexperiencia
2023,Córdoba,2023-05-15,Martes,Nublado,Húmeda,Montañoso,Recta,0,0,0,Atropello,Exceso de velocidad
2023,Cundinamarca,2023-01-07,Sábado,Nublado,Húmeda,Montañoso,Curva,0,0,0,Colisión,No mantener distancia
2023,Santander,2023-02-21,Lunes,Lluvia,Húmeda,Plano,Recta,0,0,0,Colisión,No mantener distancia
2023,Córdoba,2023-03-23,Miércoles,Lluvia,Seca,Montañoso,Curva,0,0,0,Colisión,No mantener distancia
2023,Córdoba,2023-07-15,Viernes,Soleado,Húmeda,Montañoso,Curva,0,0,0,Volcamiento,Exceso de velocidad
2023,Santander,2023-07-06,Viernes,Soleado,Húmeda,Montañoso,Curva,0,0,0,Atropello,No mantener distancia
2023,Santander,2023-08-22,Viernes,Soleado,Húmeda,Montañoso,Curva,1,0,1,Colisión,No mantener distancia
2023,Córdoba,2023-11-03,Sábado,Soleado,Húmeda,Montañoso,Curva,0,0,0,Atropello,Inexperiencia
2023,Cundinamarca,2023-10-12,Miércoles,Nublado,Húmeda,Montañoso,Curva,0,0,0,Atropello,No mantener distancia
2023,Antioquia,2023-02-18,Viernes,Soleado,Húmeda,Montañoso,Recta,0,1,1,Volcamiento,Inexperiencia
2023,Córdoba,2023-07-11,Lunes,Soleado,Seca,Plano,Curva,2,1,3,Colisión,No mantener distancia
2023,Boyacá,2023-10-12,Sábado,Lluvia,Húmeda,Montañoso,Recta,2,0,2,Atropello,No mantener distancia
2023,Boyacá,2023-05-01,Sábado,Lluvia,Húmeda,Montañoso,Curva,2,0,2,Colisión,Exceso de velocidad
2023,Cundinamarca,2023-06-23,Miércoles,Nublado,Húmeda,Montañoso,Curva,1,0,1,Atropello,No mantener distancia
2023,Cundinamarca,2023-12-22,Sábado,Nublado,Seca,Plano,Curva,1,1,2,Volcamiento,No mantener distancia
2023,Antioquia,2023-02-19,Jueves,Nublado,Seca,Montañoso,Recta,0,0,0,Colisión,No mantener distancia
2023,Antioquia,2023-05-24,Miércoles,Lluvia,Húmeda,Plano,Curva,1,0,1,Colisión,Exceso de velocidad
2023,Antioquia,2023-06-26,Jueves,Nublado,Húmeda,Plano,Curva,0,0,0,Colisión,Exceso de velocidad
2023,Cundinamarca,2023-10-13,Sábado,Lluvia,Seca,Montañoso,Recta,1,0,1,Atropello,Exceso de velocidad
2023,Boyacá,2023-09-25,Martes,Soleado,Húmeda,Plano,Recta,0,0,0,Atropello,Exceso de velocidad
2023,Cundinamarca,2023-01-23,Jueves,Nublado,Húmeda,Plano,Curva,0,0,0,Volcamiento,Exceso de velocidad
2023,Boyacá,2023-08-06,Sábado,Nublado,Húmeda,Plano,Recta,0,0,0,Colisión,No mantener distancia
2023,Boyacá,2023-09-28,Sábado,Lluvia,Húmeda,Plano,Curva,0,1,1,Colisión,Inexperiencia
2023,Cundinamarca,2023-03-11,Domingo,Nublado,Húmeda,Plano,Curva,0,0,0,Volcamiento,No mantener distancia
2023,Córdoba,2023-10-16,Sábado,Soleado,Seca,Montañoso,Curva,0,0,0,Colisión,No mantener distancia
2023,Cundinamarca,2023-12-23,Viernes,Nublado,Seca,Montañoso,Recta,0,1,1,Volcamiento,Exceso de velocidad
2023,Córdoba,2023-09-25,Lunes,Lluvia,Húmeda,Montañoso,Recta,0,0,0,Atropello,Inexperiencia
2023,Boyacá,2023-07-28,Sábado,Nublado,Húmeda,Plano,Curva,1,1,2,Colisión,No mantener distancia
2023,Boyacá,2023-12-26,Domingo,Nublado,Húmeda,Montañoso,Recta,0,0,0,Volcamiento,Exceso de velocidad
2023,Santander,2023-09-06,Viernes,Nublado,Seca,Montañoso,Recta,0,0,0,Atropello,No mantener distancia
2023,Antioquia,2023-11-02,Sábado,Lluvia,Húmeda,Plano,Curva,0,0,0,Atropello,No mantener distancia
2023,Boyacá,2023-06-27,Sábado,Lluvia,Húmeda,Plano,Recta,1,0,1,Colisión,Inexperiencia
2023,Antioquia,2023-06-18,Jueves,Nublado,Seca,Montañoso,Curva,2,0,2,Colisión,Exceso de velocidad
2023,Antioquia,2023-09-13,Viernes,Lluvia,Seca,Montañoso,Recta,1,0,1,Atropello,No mantener distancia
2023,Córdoba,2023-02-14,Martes,Lluvia,Seca,Plano,Recta,1,0,1,Volcamiento,No mantener distancia
2023,Cundinamarca,2023-03-27,Jueves,Soleado,Seca,Montañoso,Curva,0,0,0,Colisión,Exceso de velocidad
2023,Antioquia,2023-11-24,Martes,Lluvia,Húmeda,Plano,Curva,0,0,0,Colisión,No mantener distancia
2023,Córdoba,2023-11-15,Martes,Lluvia,Seca,Plano,Recta,1,0,1,Volcamiento,No mantener distancia
2023,Antioquia,2023-07-15,Jueves,Soleado,Húmeda,Montañoso,Curva,2,0,2,Colisión,Exceso de velocidad
2023,Antioquia,2023-09-15,Domingo,Soleado,Seca,Montañoso,Recta,1,0,1,Atropello,Exceso de velocidad
2023,Córdoba,2023-06-04,Miércoles,Soleado,Húmeda,Plano,Recta,1,0,1,Volcamiento,No mantener distancia
2023,Santander,2023-12-06,Domingo,Lluvia,Húmeda,Montañoso,Recta,1,0,1,Volcamiento,No mantener distancia
2023,Santander,2023-12-06,Jueves,Nublado,Húmeda,Plano,Curva,2,1,3,Atropello,No mantener distancia
2023,Córdoba,2023-07-14,Jueves,Nublado,Húmeda,Montañoso,Curva,1,0,1,Volcamiento,Exceso de velocidad
2023,Antioquia,2023-12-18,Jueves,Nublado,Seca,Plano,Curva,0,0,0,Colisión,No mantener distancia
2023,Santander,2023-06-16,Martes,Lluvia,Húmeda,Montañoso,Recta,0,0,0,Volcamiento,Inexperiencia
2023,Cundinamarca,2023-12-16,Sábado,Nublado,Seca,Plano,Curva,1,0,1,Colisión,Exceso de velocidad
2023,Cundinamarca,2023-01-21,Sábado,Nublado,Húmeda,Montañoso,Curva,0,0,0,Colisión,Inexperiencia
2023,Boyacá,2023-09-09,Sábado,Soleado,Seca,Plano,Recta,0,0,0,Volcamiento,No mantener distancia
2023,Boyacá,2023-02-09,Sábado,Soleado,Seca,Plano,Curva,1,1,2,Volcamiento,Inexperiencia
2023,Santander,2023-03-27,Lunes,Soleado,Seca,Montañoso,Recta,0,1,1,Volcamiento,No mantener distancia
2023,Córdoba,2023-04-14,Domingo,Lluvia,Húmeda,Plano,Recta,0,0,0,Colisión,Exceso de velocidad
2023,Cundinamarca,2023-02-24,Sábado,Nublado,Húmeda,Montañoso,Curva,0,0,0,Colisión,No mantener distancia
2023,Córdoba,2023-09-04,Domingo,Nublado,Seca,Plano,Curva,0,0,0,Volcamiento,Exceso de velocidad
2023,Boyacá,2023-06-09,Jueves,Nublado,Seca,Plano,Curva,2,0,2,Atropello,No mantener distancia
2023,Cundinamarca,2023-12-20,Domingo,Lluvia,Húmeda,Plano,Curva,1,0,1,Colisión,Exceso de velocidad
2023,Boyacá,2023-11-09,Domingo,Lluvia,Húmeda,Plano,Curva,0,0,0,Colisión,Inexperiencia
2023,Santander,2023-01-20,Domingo,Nublado,Húmeda,Montañoso,Recta,1,0,1,Atropello,Exceso de velocidad
2023,Antioquia,2023-09-27,Viernes,Nublado,Húmeda,Plano,Curva,0,0,0,Volcamiento,No mantener distancia
2023,Santander,2023-02-24,Jueves,Lluvia,Húmeda,Plano,Recta,1,0,1,Colisión,Inexperiencia
2023,Cundinamarca,2023-09-04,Martes,Lluvia,Seca,Montañoso,Curva,1,0,1,Atropello,Exceso de velocidad
2023,Boyacá,2023-03-17,Martes,Nublado,Seca,Montañoso,Curva,3,0,3,Atropello,Inexperiencia
2023,Boyacá,2023-10-01,Martes,Soleado,Húmeda,Plano,Recta,1,0,1,Colisión,Inexperiencia
2023,Antioquia,2023-04-07,Lunes,Soleado,Húmeda,Plano,Curva,1,0,1,Atropello,Inexperiencia
2023,Antioquia,2023-05-13,Sábado,Nublado,Húmeda,Montañoso,Recta,1,0,1,Volcamiento,Inexperiencia
2023,Antioquia,2023-05-25,Sábado,Lluvia,Húmeda,Plano,Recta,1,0,1,Volcamiento,No mantener distancia
2023,Santander,2023-03-21,Viernes,Soleado,Húmeda,Plano,Curva,0,0,0,Colisión,No mantener distancia
2023,Córdoba,2023-12-07,Lunes,Soleado,Seca,Montañoso,Recta,0,0,0,Colisión,Exceso de velocidad
2023,Santander,2023-05-12,Miércoles,Lluvia,Húmeda,Plano,Curva,0,0,0,Colisión,Exceso de velocidad
2023,Boyacá,2023-03-09,Miércoles,Nublado,Seca,Plano,Recta,1,0,1,Volcamiento,Exceso de velocidad
2023,Santander,2023-09-05,Miércoles,Soleado,Seca,Plano,Curva,1,0,1,Colisión,No mantener distancia
2023,Boyacá,2023-05-06,Miércoles,Lluvia,Seca,Montañoso,Curva,0,0,0,Volcamiento,Inexperiencia
2023,Boyacá,2023-04-05,Miércoles,Lluvia,Seca,Montañoso,Curva,2,0,2,Colisión,No mantener distancia
2023,Cundinamarca,2023-10-02,Jueves,Lluvia,Seca,Plano,Recta,0,0,0,Volcamiento,No mantener distancia
2023,Cundinamarca,2023-09-27,Viernes,Soleado,Húmeda,Montañoso,Curva,0,0,0,Atropello,No mantener distancia
2023,Santander,2023-02-14,Sábado,Soleado,Seca,Montañoso,Recta,0,0,0,Volcamiento,No mantener distancia
2023,Boyacá,2023-01-19,Viernes,Lluvia,Húmeda,Plano,Recta,1,1,2,Volcamiento,Inexperiencia
2023,Boyacá,2023-09-14,Viernes,Nublado,Húmeda,Montañoso,Recta,0,0,0,Volcamiento,Inexperiencia
2023,Córdoba,2023-06-02,Lunes,Soleado,Húmeda,Montañoso,Recta,0,1,1,Atropello,Exceso de velocidad
2023,Santander,2023-08-16,Martes,Lluvia,Húmeda,Plano,Curva,1,1,2,Colisión,Inexperiencia
2023,Córdoba,2023-12-03,Sábado,Lluvia,Húmeda,Montañoso,Curva,0,0,0,Volcamiento,Inexperiencia
2023,Cundinamarca,2023-03-19,Jueves,Soleado,Húmeda,Montañoso,Recta,0,0,0,Volcamiento,Exceso de velocidad
2023,Córdoba,2023-06-24,Jueves,Soleado,Seca,Montañoso,Recta,0,0,0,Colisión,Inexperiencia
2023,Antioquia,2023-10-23,Jueves,Lluvia,Húmeda,Montañoso,Curva,0,0,0,Colisión,No mantener distancia
2023,Córdoba,2023-07-11,Viernes,Lluvia,Húmeda,Plano,Curva,2,0,2,Atropello,Exceso de velocidad
2023,Cundinamarca,2023-02-18,Domingo,Soleado,Húmeda,Montañoso,Recta,1,0,1,Atropello,No mantener distancia
2023,Cundinamarca,2023-07-03,Miércoles,Soleado,Seca,Plano,Curva,1,0,1,Colisión,Exceso de velocidad
2023,Santander,2023-09-11,Domingo,Lluvia,Seca,Montañoso,Recta,1,1,2,Atropello,Inexperiencia
2023,Córdoba,2023-12-28,Lunes,Soleado,Seca,Montañoso,Recta,1,0,1,Volcamiento,Exceso de velocidad
2023,Boyacá,2023-03-05,Jueves,Lluvia,Seca,Montañoso,Recta,0,0,0,Volcamiento,Exceso de velocidad
2023,Cundinamarca,2023-10-22,Domingo,Soleado,Húmeda,Montañoso,Curva,0,1,1,Volcamiento,Exceso de velocidad
2023,Córdoba,2023-04-04,Jueves,Lluvia,Húmeda,Plano,Recta,1,0,1,Volcamiento,Exceso de velocidad
2023,Cundinamarca,2023-11-26,Lunes,Soleado,Seca,Plano,Curva,0,0,0,Atropello,No mantener distancia
2023,Antioquia,2023-07-08,Domingo,Nublado,Seca,Montañoso,Curva,1,1,2,Colisión,Exceso de velocidad
2023,Córdoba,2023-11-15,Martes,Nublado,Seca,Montañoso,Recta,1,0,1,Colisión,Exceso de velocidad
2023,Boyacá,2023-09-15,Domingo,Lluvia,Seca,Montañoso,Recta,2,1,3,Volcamiento,Inexperiencia
2023,Cundinamarca,2023-04-17,Jueves,Nublado,Seca,Montañoso,Recta,1,0,1,Atropello,Inexperiencia
2023,Cundinamarca,2023-01-07,Miércoles,Soleado,Húmeda,Plano,Recta,2,0,2,Atropello,Exceso de velocidad
2023,Córdoba,2023-10-20,Domingo,Soleado,Húmeda,Montañoso,Recta,0,0,0,Colisión,No mantener distancia
2023,Antioquia,2023-02-13,Viernes,Soleado,Seca,Plano,Recta,1,0,1,Atropello,No mantener distancia
2023,Boyacá,2023-08-17,Domingo,Nublado,Seca,Plano,Recta,1,0,1,Volcamiento,No mantener distancia
2023,Santander,2023-05-23,Sábado,Lluvia,Seca,Montañoso,Recta,0,1,1,Volcamiento,Exceso de velocidad
2023,Boyacá,2023-04-02,Jueves,Nublado,Seca,Montañoso,Recta,0,0,0,Atropello,No mantener distancia
2023,Antioquia,2023-07-22,Jueves,Soleado,Húmeda,Montañoso,Recta,0,0,0,Colisión,No mantener distancia
2023,Antioquia,2023-12-14,Sábado,Nublado,Seca,Montañoso,Curva,2,0,2,Volcamiento,Exceso de velocidad
2023,Antioquia,2023-06-03,Domingo,Soleado,Seca,Montañoso,Curva,0,0,0,Atropello,Exceso de velocidad
2023,Antioquia,2023-04-03,Viernes,Soleado,Húmeda,Montañoso,Recta,1,0,1,Colisión,No mantener distancia
2023,Cundinamarca,2023-03-21,Jueves,Nublado,Seca,Montañoso,Recta,1,1,2,Volcamiento,Exceso de velocidad
2023,Antioquia,2023-06-02,Miércoles,Nublado,Húmeda,Plano,Recta,1,0,1,Atropello,Exceso de velocidad
2023,Boyacá,2023-07-26,Sábado,Nublado,Húmeda,Montañoso,Recta,1,0,1,Volcamiento,No mantener distancia
2023,Cundinamarca,2023-03-22,Domingo,Nublado,Seca,Montañoso,Recta,1,0,1,Atropello,No mantener distancia