AÑO,DEPARTAMENTO,FECHA_ACC,DIA_SEMANA_ACC,CONDIC_METEOR,ESTADO_SUPER,TERRENO,GEOMETRIA_ACC,N_HERIDOS,N_MUERTOS,N_VICTIMAS,CLASE_ACCIDENTE,CAUSA_POSIBLE
2023,Santander,2023-02-16,Domingo,Soleado,Seca,Montañoso,Curva,0,1,1,Volcamiento,No mantener distancia
2023,Antioquia,2023-06-07,Lunes,Lluvia,Húmeda,Montañoso,Recta,1,0,1,Atropello,Inexperiencia
2023,Córdoba,2023-09-10,Jueves,Lluvia,Seca,Montañoso,Curva,2,0,2,Atropello,Inexperiencia
2023,Antioquia,2023-07-26,Miércoles,Lluvia,Húmeda,Plano,Recta,1,0,1,Colisión,Inexperiencia
2023,Cundinamarca,2023-04-16,Viernes,Lluvia,Húmeda,Plano,Recta,0,0,0,Atropello,Inexperiencia
2023,Cundinamarca,2023-02-09,Sábado,Lluvia,Seca,Montañoso,Curva,4,1,5,Atropello,Exceso de velocidad
2023,Córdoba,2023-04-26,Sábado,Soleado,Seca,Plano,Curva,1,0,1,Atropello,Exceso de velocidad
2023,Antioquia,2023-06-16,Viernes,Lluvia,Húmeda,Plano,Recta,0,0,0,Volcamiento,Inexperiencia
2023,Cundinamarca,2023-10-15,Jueves,Lluvia,Seca,Montañoso,Recta,1,0,1,Colisión,Inexperiencia
2023,Cundinamarca,2023-09-02,Miércoles,Lluvia,Seca,Plano,Recta,2,0,2,Volcamiento,Exceso de velocidad
2023,Antioquia,2023-01-03,Lunes,Soleado,Húmeda,Plano,Recta,3,0,3,Atropello,Inexperiencia
2023,Boyacá,2023-06-07,Lunes,Lluvia,Seca,Plano,Recta,0,0,0,Colisión,Inexperiencia
2023,Boyacá,2023-11-23,Domingo,Soleado,Seca,Montañoso,Curva,0,0,0,Atropello,Inexperiencia
2023,Boyacá,2023-03-19,Jueves,Soleado,Húmeda,Montañoso,Recta,3,0,3,Colisión,Inexperiencia
2023,Santander,2023-12-02,Domingo,Lluvia,Húmeda,Plano,Curva,0,0,0,Volcamiento,Inexperiencia
2023,Antioquia,2023-04-20,Miércoles,Nublado,Húmeda,Montañoso,Curva,2,0,2,Atropello,No mantener distancia
2023,Boyacá,2023-02-25,Lunes,Lluvia,Seca,Montañoso,Curva,0,0,0,Atropello,No mantener distancia
2023,Cundinamarca,2023-04-24,Miércoles,Nublado,Húmeda,Plano,Recta,0,0,0,Atropello,No mantener distancia
2023,Córdoba,2023-06-03,Miércoles,Lluvia,Seca,Montañoso,Recta,1,1,2,Atropello,Exceso de velocidad
2023,Córdoba,2023-11-20,Miércoles,Lluvia,Húmeda,Montañoso,Curva,0,0,0,Atropello,Exceso de velocidad
2023,Cundinamarca,2023-09-14,Martes,Nublado,Húmeda,Montañoso,Recta,0,0,0,Volcamiento,Exceso de velocidad
2023,Cundinamarca,2023-10-25,Lunes,Nublado,Seca,Plano,Curva,1,0,1,Atropello,Exceso de velocidad
2023,Cundinamarca,2023-05-18,Jueves,Nublado,Seca,Montañoso,Recta,0,0,0,Volcamiento,Inexperiencia
2023,Córdoba,2023-05-04,Domingo,Nublado,Seca,Montañoso,Curva,0,0,0,Volcamiento,Inexperiencia
2023,Córdoba,2023-03-21,Miércoles,Lluvia,Húmeda,Plano,Recta,0,0,0,Colisión,No mantener distancia
2023,Córdoba,2023-11-14,Martes,Lluvia,Húmeda,Montañoso,Recta,0,0,0,Volcamiento,Exceso de velocidad
2023,Santander,2023-02-15,Lunes,Soleado,Seca,Montañoso,Curva,0,0,0,Colisión,Exceso de velocidad
2023,Cundinamarca,2023-02-15,Domingo,Nublado,Húmeda,Plano,Recta,0,0,0,Atropello,Exceso de velocidad
2023,Santander,2023-02-09,Martes,Nublado,Seca,Plano,Curva,0,1,1,Atropello,Exceso de velocidad
2023,Boyacá,2023-06-04,Jueves,Nublado,Húmeda,Montañoso,Recta,1,0,1,Volcamiento,Exceso de velocidad
2023,Antioquia,2023-08-18,Viernes,Soleado,Húmeda,Montañoso,Curva,0,0,0,Atropello,Exceso de velocidad
2023,Antioquia,2023-12-11,Viernes,Nublado,Seca,Plano,Recta,0,0,0,Atropello,No mantener distancia
2023,Boyacá,2023-09-26,Viernes,Nublado,Húmeda,Montañoso,Curva,1,0,1,Colisión,No mantener distancia
2023,Antioquia,2023-08-12,Martes,Soleado,Húmeda,Plano,Recta,0,0,0,Colisión,Exceso de velocidad
2023,Santander,2023-01-13,Lunes,Lluvia,Húmeda,Montañoso,Recta,0,0,0,Volcamiento,No mantener distancia
2023,Cundinamarca,2023-10-27,Lunes,Nublado,Húmeda,Montañoso,Curva,3,0,3,Colisión,Exceso de velocidad
2023,Antioquia,2023-03-20,Jueves,Soleado,Húmeda,Montañoso,Curva,2,0,2,Colisión,Exceso de velocidad
2023,Santander,2023-04-25,Jueves,Lluvia,Seca,Plano,Curva,1,0,1,Atropello,No mantener distancia
2023,Boyacá,2023-02-25,Domingo,Lluvia,Seca,Montañoso,Curva,0,0,0,Colisión,No mantener distancia
2023,Santander,2023-12-11,Jueves,Nublado,Húmeda,Plano,Curva,0,0,0,Volcamiento,Exceso de velocidad
2023,Boyacá,2023-04-10,Miércoles,Nublado,Húmeda,Plano,Curva,1,0,1,Atropello,Exceso de velocidad
2023,Córdoba,2023-03-24,Viernes,Soleado,Húmeda,Plano,Curva,0,0,0,Atropello,Inexperiencia
2023,Córdoba,2023-11-04,Jueves,Nublado,Húmeda,Montañoso,Curva,0,0,0,Colisión,Inexperiencia
2023,Santander,2023-01-20,Sábado,Lluvia,Seca,Plano,Curva,0,0,0,Volcamiento,Inexperiencia
2023,Cundinamarca,2023-06-16,Jueves,Nublado,Seca,Montañoso,Curva,0,0,0,Volcamiento,Exceso de velocidad
2023,Córdoba,2023-04-15,Miércoles,Lluvia,Húmeda,Montañoso,Curva,0,0,0,Atropello,Inexperiencia
2023,Antioquia,2023-10-05,Jueves,Lluvia,Seca,Plano,Recta,1,0,1,Volcamiento,Inexperiencia
2023,Córdoba,2023-05-07,Domingo,Nublado,Húmeda,Montañoso,Curva,0,0,0,Colisión,No mantener distancia
2023,Boyacá,2023-03-19,Viernes,Nublado,Húmeda,Montañoso,Recta,0,0,0,Volcamiento,Inexperiencia
2023,Cundinamarca,2023-03-11,Lunes,Lluvia,Húmeda,Montañoso,Curva,0,0,0,Colisión,No mantener distancia
2023,Córdoba,2023-04-07,Viernes,Lluvia,Seca,Montañoso,Recta,0,0,0,Volcamiento,No mantener distancia
2023,Boyacá,2023-02-13,Jueves,Lluvia,Seca,Montañoso,Recta,2,0,2,Colisión,Exceso de velocidad
2023,Antioquia,2023-01-12,Domingo,Nublado,Seca,Montañoso,Curva,0,0,0,Volcamiento,Exceso de velocidad
2023,Córdoba,2023-12-23,Jueves,Soleado,Húmeda,Montañoso,Recta,2,0,2,Atropello,Inexperiencia
2023,Boyacá,2023-05-11,Viernes,Nublado,Seca,Montañoso,Curva,1,0,1,Atropello,Inexperiencia
2023,Boyacá,2023-02-10,Lunes,Lluvia,Seca,Plano,Curva,0,0,0,Atropello,Exceso de velocidad
2023,Córdoba,2023-07-05,Jueves,Nublado,Seca,Plano,Curva,0,0,0,Volcamiento,Inexperiencia
2023,Boyacá,2023-11-21,Miércoles,Soleado,Húmeda,Plano,Recta,0,0,0,Atropello,Exceso de velocidad
2023,Córdoba,2023-02-23,Viernes,Nublado,Seca,Montañoso,Curva,1,0,1,Atropello,Inexperiencia
2023,Antioquia,2023-10-02,Domingo,Nublado,Húmeda,Plano,Curva,0,1,1,Colisión,Exceso de velocidad
2023,Antioquia,2023-09-06,Lunes,Lluvia,Seca,Plano,Recta,0,0,0,Atropello,Inexperiencia
2023,Boyacá,2023-10-18,Martes,Lluvia,Húmeda,Plano,Curva,1,0,1,Volcamiento,No mantener distancia
2023,Santander,2023-01-18,Viernes,Soleado,Húmeda,Montañoso,Recta,0,0,0,Volcamiento,Inexperiencia
2023,Córdoba,2023-06-10,Miércoles,Lluvia,Seca,Plano,Recta,2,0,2,Colisión,Exceso de velocidad
2023,Antioquia,2023-02-12,Domingo,Nublado,Húmeda,Montañoso,Curva,0,0,0,Atropello,No mantener distancia
2023,Boyacá,2023-08-14,Domingo,Lluvia,Seca,Plano,Curva,1,0,1,Atropello,No mantener distancia
2023,Cundinamarca,2023-06-05,Lunes,Nublado,Húmeda,Montañoso,Curva,1,0,1,Atropello,No mantener distancia
2023,Boyacá,2023-12-05,Sábado,Soleado,Húmeda,Plano,Curva,1,0,1,Atropello,Exceso de velocidad
2023,Santander,2023-04-16,Miércoles,Soleado,Seca,Plano,Recta,0,0,0,Atropello,No mantener distancia
2023,Santander,2023-06-10,Viernes,Soleado,Húmeda,Montañoso,Recta,0,0,0,Colisión,Exceso de velocidad
2023,Santander,2023-01-04,Martes,Soleado,Húmeda,Montañoso,Recta,0,0,0,Atropello,Exceso de velocidad
2023,Boyacá,2023-02-01,Viernes,Lluvia,Húmeda,Montañoso,Recta,0,0,0,Atropello,Exceso de velocidad
2023,Antioquia,2023-10-02,Domingo,Soleado,Seca,Montañoso,Recta,1,0,1,Colisión,Inexperiencia
2023,Boyacá,2023-05-04,Jueves,Nublado,Seca,Plano,Recta,0,0,0,Volcamiento,No mantener distancia
2024,Boyacá,2024-11-02,Miércoles,Lluvia,Seca,Montañoso,Curva,0,0,0,Volcamiento,No mantener distancia
2024,Córdoba,2024-10-03,Miércoles,Nublado,Seca,Plano,Recta,0,0,0,Colisión,Exceso de velocidad
2024,Cundinamarca,2024-04-18,Martes,Lluvia,Húmeda,Montañoso,Recta,0,0,0,Volcamiento,Exceso de velocidad
2024,Antioquia,2024-12-05,Martes,Nublado,Seca,Montañoso,Recta,0,0,0,Atropello,Inexperiencia
2024,Cundinamarca,2024-04-06,Miércoles,Lluvia,Seca,Plano,Recta,0,0,0,Volcamiento,No mantener distancia
2024,Boyacá,2024-04-23,Sábado,Nublado,Seca,Plano,Curva,0,0,0,Atropello,Exceso de velocidad
2024,Boyacá,2024-01-21,Lunes,Soleado,Seca,Plano,Recta,1,0,1,Colisión,Inexperiencia
2024,Córdoba,2024-05-06,Domingo,Nublado,Húmeda,Montañoso,Recta,1,0,1,Colisión,Inexperiencia
2024,Antioquia,2024-03-08,Jueves,Nublado,Húmeda,Montañoso,Recta,1,0,1,Colisión,Inexperiencia
2024,Cundinamarca,2024-06-02,Martes,Soleado,Seca,Montañoso,Recta,0,0,0,Colisión,No mantener distancia
2024,Cundinamarca,2024-02-16,Domingo,Lluvia,Húmeda,Montañoso,Curva,0,0,0,Volcamiento,Inexperiencia
2024,Córdoba,2024-03-13,Lunes,Lluvia,Húmeda,Plano,Recta,0,0,0,Volcamiento,Exceso de velocidad
2024,Cundinamarca,2024-12-08,Lunes,Lluvia,Húmeda,Plano,Recta,1,0,1,Colisión,Exceso de velocidad
2024,Boyacá,2024-05-11,Viernes,Nublado,Seca,Montañoso,Recta,0,0,0,Volcamiento,Exceso de velocidad
2024,Cundinamarca,2024-02-07,Domingo,Lluvia,Seca,Montañoso,Curva,2,0,2,Atropello,No mantener distancia
2024,Antioquia,2024-01-16,Jueves,Soleado,Húmeda,Montañoso,Curva,2,0,2,Colisión,Exceso de velocidad
2024,Córdoba,2024-06-26,Jueves,Soleado,Seca,Montañoso,Curva,1,0,1,Volcamiento,Inexperiencia
2024,Boyacá,2024-10-21,Jueves,Nublado,Húmeda,Montañoso,Recta,1,0,1,Colisión,Exceso de velocidad
2024,Santander,2024-08-19,Jueves,Nublado,Húmeda,Montañoso,Curva,4,0,4,Atropello,Exceso de velocidad
2024,Cundinamarca,2024-02-14,Martes,Lluvia,Húmeda,Plano,Curva,1,0,1,Colisión,No mantener distancia
2024,Santander,2024-06-20,Domingo,Nublado,Seca,Montañoso,Recta,1,0,1,Volcamiento,No mantener distancia
2024,Santander,2024-07-01,Jueves,Lluvia,Húmeda,Plano,Curva,2,0,2,Colisión,No mantener distancia
2024,Boyacá,2024-02-26,Lunes,Soleado,Seca,Montañoso,Curva,2,0,2,Atropello,No mantener distancia
2024,Antioquia,2024-10-17,Domingo,Nublado,Seca,Plano,Recta,1,0,1,Colisión,Exceso de velocidad
2024,Boyacá,2024-05-06,Domingo,Nublado,Húmeda,Montañoso,Recta,2,0,2,Colisión,Exceso de velocidad
2024,Santander,2024-09-05,Viernes,Nublado,Húmeda,Plano,Curva,0,0,0,Volcamiento,Exceso de velocidad
2024,Córdoba,2024-06-05,Miércoles,Nublado,Húmeda,Plano,Curva,0,0,0,Colisión,Inexperiencia
2024,Cundinamarca,2024-12-27,Sábado,Nublado,Seca,Montañoso,Curva,0,0,0,Volcamiento,No mantener distancia
2024,Antioquia,2024-10-25,Sábado,Lluvia,Húmeda,Plano,Recta,0,0,0,Atropello,Exceso de velocidad
2024,Antioquia,2024-01-18,Domingo,Soleado,Húmeda,Montañoso,Recta,1,0,1,Colisión,Exceso de velocidad
2024,Santander,2024-01-21,Lunes,Soleado,Húmeda,Montañoso,Curva,0,0,0,Atropello,Exceso de velocidad
2024,Antioquia,2024-11-13,Viernes,Lluvia,Húmeda,Montañoso,Recta,3,0,3,Colisión,Exceso de velocidad
2024,Antioquia,2024-10-14,Domingo,Lluvia,Húmeda,Plano,Recta,3,0,3,Volcamiento,No mantener distancia
2024,Cundinamarca,2024-10-06,Domingo,Soleado,Seca,Montañoso,Recta,0,0,0,Colisión,No mantener distancia
2024,Santander,2024-06-18,Domingo,Nublado,Seca,Montañoso,Curva,1,0,1,Atropello,No mantener distancia
2024,Antioquia,2024-11-08,Martes,Lluvia,Húmeda,Plano,Curva,1,0,1,Colisión,Inexperiencia
2024,Santander,2024-12-06,Lunes,Soleado,Seca,Montañoso,Recta,0,0,0,Atropello,Exceso de velocidad
2024,Antioquia,2024-07-28,Sábado,Lluvia,Húmeda,Plano,Recta,1,0,1,Volcamiento,Exceso de velocidad
2024,Córdoba,2024-01-09,Jueves,Lluvia,Seca,Plano,Recta,1,0,1,Colisión,No mantener distancia
2024,Santander,2024-01-27,Lunes,Nublado,Húmeda,Montañoso,Curva,0,0,0,Colisión,No mantener distancia
2024,Córdoba,2024-12-04,Martes,Nublado,Húmeda,Plano,Recta,1,0,1,Colisión,No mantener distancia
2024,Antioquia,2024-03-10,Domingo,Soleado,Seca,Montañoso,Recta,1,0,1,Colisión,No mantener distancia
2024,Córdoba,2024-01-17,Martes,Nublado,Húmeda,Montañoso,Curva,2,0,2,Colisión,No mantener distancia
2024,Santander,2024-04-22,Sábado,Nublado,Seca,Montañoso,Recta,1,0,1,Volcamiento,Inexperiencia
2024,Córdoba,2024-10-02,Sábado,Nublado,Húmeda,Plano,Recta,1,0,1,Colisión,No mantener distancia
2024,Boyacá,2024-06-12,Sábado,Soleado,Húmeda,Plano,Curva,0,0,0,Colisión,No mantener distancia
2024,Antioquia,2024-12-14,Jueves,Soleado,Húmeda,Montañoso,Curva,0,0,0,Volcamiento,Inexperiencia
2024,Córdoba,2024-01-01,Miércoles,Lluvia,Húmeda,Montañoso,Curva,0,0,0,Atropello,Inexperiencia
2024,Cundinamarca,2024-08-13,Martes,Lluvia,Húmeda,Montañoso,Recta,0,0,0,Colisión,Inexperiencia
2024,Santander,2024-12-18,Viernes,Lluvia,Húmeda,Plano,Recta,0,1,1,Atropello,No mantener distancia
2024,Antioquia,2024-08-16,Lunes,Nublado,Húmeda,Plano,Recta,2,0,2,Volcamiento,Exceso de velocidad
2024,Antioquia,2024-06-20,Martes,Nublado,Seca,Plano,Recta,0,0,0,Atropello,Inexperiencia
2024,Cundinamarca,2024-02-21,Miércoles,Lluvia,Seca,Plano,Curva,0,0,0,Volcamiento,Exceso de velocidad
2024,Cundinamarca,2024-06-27,Miércoles,Lluvia,Húmeda,Montañoso,Curva,0,0,0,Volcamiento,Exceso de velocidad
2024,Antioquia,2024-11-26,Jueves,Lluvia,Húmeda,Plano,Curva,2,0,2,Atropello,Inexperiencia
2024,Boyacá,2024-01-15,Martes,Nublado,Húmeda,Montañoso,Recta,2,0,2,Colisión,Exceso de velocidad
2024,Córdoba,2024-06-02,Viernes,Nublado,Seca,Plano,Curva,0,0,0,Volcamiento,No mantener distancia
2024,Santander,2024-06-07,Viernes,Soleado,Húmeda,Montañoso,Curva,0,0,0,Colisión,Exceso de velocidad
2024,Cundinamarca,2024-11-20,Miércoles,Nublado,Seca,Montañoso,Curva,1,0,1,Colisión,Inexperiencia
2024,Boyacá,2024-07-15,Lunes,Soleado,Húmeda,Plano,Recta,0,0,0,Atropello,Exceso de velocidad
2024,Córdoba,2024-01-16,Lunes,Nublado,Húmeda,Plano,Recta,2,0,2,Volcamiento,Inexperiencia
2024,Córdoba,2024-07-14,Lunes,Nublado,Seca,Montañoso,Curva,0,1,1,Colisión,No mantener distancia
2024,Cundinamarca,2024-02-04,Jueves,Soleado,Seca,Montañoso,Curva,0,1,1,Volcamiento,Inexperiencia
2024,Boyacá,2024-07-04,Jueves,Soleado,Seca,Plano,Recta,0,0,0,Colisión,Exceso de velocidad
2024,Cundinamarca,2024-12-21,Martes,Nublado,Seca,Montañoso,Curva,0,0,0,Colisión,Inexperiencia
2024,Antioquia,2024-01-03,Lunes,Lluvia,Húmeda,Plano,Recta,0,0,0,Colisión,Inexperiencia
2024,Córdoba,2024-06-25,Miércoles,Nublado,Seca,Plano,Curva,0,0,0,Atropello,Inexperiencia
2024,Córdoba,2024-10-02,Jueves,Soleado,Seca,Montañoso,Curva,0,0,0,Volcamiento,No mantener distancia
2024,Santander,2024-03-25,Jueves,Nublado,Seca,Plano,Recta,0,1,1,Volcamiento,Inexperiencia
2024,Córdoba,2024-03-21,Jueves,Lluvia,Seca,Montañoso,Recta,1,0,1,Colisión,Inexperiencia
2024,Boyacá,2024-11-19,Martes,Soleado,Seca,Montañoso,Curva,1,0,1,Volcamiento,Inexperiencia
2024,Córdoba,2024-12-04,Jueves,Soleado,Húmeda,Montañoso,Curva,2,0,2,Colisión,Exceso de velocidad
2024,Boyacá,2024-08-01,Martes,Lluvia,Húmeda,Montañoso,Recta,2,0,2,Volcamiento,Inexperiencia
2024,Santander,2024-05-10,Sábado,Nublado,Húmeda,Montañoso,Recta,2,0,2,Volcamiento,No mantener distancia
2024,Córdoba,2024-04-17,Martes,Nublado,Húmeda,Plano,Recta,1,0,1,Atropello,Inexperiencia
2024,Cundinamarca,2024-01-01,Viernes,Lluvia,Seca,Plano,Recta,2,0,2,Atropello,No mantener distancia
2024,Boyacá,2024-11-13,Lunes,Soleado,Húmeda,Montañoso,Recta,0,1,1,Atropello,Inexperiencia
2024,Córdoba,2024-01-20,Miércoles,Soleado,Seca,Plano,Curva,2,0,2,Atropello,No mantener distancia
2024,Antioquia,2024-05-21,Viernes,Soleado,Seca,Montañoso,Curva,0,0,0,Atropello,Inexperiencia
2024,Santander,2024-12-18,Jueves,Soleado,Húmeda,Plano,Recta,1,0,1,Atropello,Inexperiencia
2024,Boyacá,2024-03-16,Sábado,Lluvia,Húmeda,Plano,Curva,0,1,1,Volcamiento,Inexperiencia
2024,Antioquia,2024-08-24,Sábado,Soleado,Seca,Plano,Recta,1,0,1,Atropello,Exceso de velocidad
2024,Santander,2024-04-05,Martes,Lluvia,Húmeda,Montañoso,Curva,1,0,1,Atropello,No mantener distancia
2024,Boyacá,2024-12-08,Sábado,Lluvia,Seca,Plano,Recta,0,0,0,Colisión,No mantener distancia
2024,Antioquia,2024-09-24,Jueves,Lluvia,Húmeda,Montañoso,Recta,2,0,2,Atropello,No mantener distancia
2024,Antioquia,2024-01-17,Miércoles,Lluvia,Seca,Plano,Recta,1,0,1,Colisión,Exceso de velocidad
2024,Boyacá,2024-04-01,Domingo,Soleado,Húmeda,Montañoso,Recta,1,0,1,Atropello,Exceso de velocidad
2024,Cundinamarca,2024-06-10,Jueves,Soleado,Húmeda,Montañoso,Recta,0,0,0,Volcamiento,Inexperiencia
2024,Antioquia,2024-11-16,Viernes,Soleado,Seca,Montañoso,Recta,0,1,1,Atropello,Inexperiencia
2024,Boyacá,2024-01-01,Domingo,Nublado,Húmeda,Montañoso,Curva,0,0,0,Volcamiento,Inexperiencia
2024,Boyacá,2024-04-28,Jueves,Nublado,Húmeda,Plano,Curva,0,0,0,Colisión,No mantener distancia
2024,Santander,2024-12-03,Jueves,Soleado,Seca,Plano,Curva,0,0,0,Volcamiento,Exceso de velocidad
2024,Antioquia,2024-03-13,Domingo,Soleado,Húmeda,Plano,Curva,0,0,0,Colisión,Inexperiencia
2024,Cundinamarca,2024-09-12,Viernes,Soleado,Húmeda,Montañoso,Curva,1,0,1,Colisión,No mantener distancia
2024,Cundinamarca,2024-12-23,Lunes,Nublado,Húmeda,Montañoso,Recta,0,0,0,Volcamiento,Inexperiencia
2024,Santander,2024-09-07,Viernes,Lluvia,Húmeda,Montañoso,Recta,1,0,1,Atropello,Inexperiencia
2024,Córdoba,2024-09-28,Jueves,Nublado,Seca,Montañoso,Curva,0,0,0,Volcamiento,No mantener distancia
2024,Boyacá,2024-12-09,Miércoles,Soleado,Húmeda,Montañoso,Curva,0,0,0,Colisión,No mantener distancia
2024,Santander,2024-11-08,Jueves,Lluvia,Seca,Plano,Recta,0,0,0,Volcamiento,No mantener distancia
2024,Córdoba,2024-11-11,Miércoles,Soleado,Seca,Montañoso,Curva,0,0,0,Volcamiento,No mantener distancia
2024,Santander,2024-11-02,Sábado,Soleado,Seca,Plano,Curva,1,0,1,Volcamiento,No mantener distancia
2024,Santander,2024-05-25,Domingo,Soleado,Húmeda,Plano,Recta,0,1,1,Atropello,Inexperiencia
2024,Antioquia,2024-08-02,Sábado,Nublado,Seca,Plano,Recta,0,0,0,Volcamiento,Exceso de velocidad
2024,Boyacá,2024-05-22,Jueves,Nublado,Húmeda,Montañoso,Recta,1,0,1,Colisión,Exceso de velocidad
2024,Antioquia,2024-05-12,Miércoles,Lluvia,Seca,Plano,Curva,1,0,1,Colisión,Inexperiencia
2024,Cundinamarca,2024-02-04,Jueves,Soleado,Seca,Montañoso,Recta,0,0,0,Colisión,Inexperiencia
2024,Antioquia,2024-11-23,Domingo,Lluvia,Seca,Plano,Recta,1,0,1,Colisión,Inexperiencia
2024,Antioquia,2024-11-24,Lunes,Soleado,Húmeda,Montañoso,Curva,1,0,1,Volcamiento,Inexperiencia
2024,Santander,2024-07-13,Martes,Lluvia,Seca,Plano,Recta,0,0,0,Volcamiento,No mantener distancia
2024,Santander,2024-01-08,Viernes,Nublado,Húmeda,Montañoso,Curva,1,0,1,Atropello,No mantener distancia
2024,Boyacá,2024-09-07,Lunes,Lluvia,Húmeda,Montañoso,Recta,0,0,0,Volcamiento,Inexperiencia
2024,Boyacá,2024-01-15,Miércoles,Soleado,Seca,Plano,Recta,0,1,1,Volcamiento,Exceso de velocidad
2024,Santander,2024-10-22,Sábado,Soleado,Seca,Montañoso,Curva,1,1,2,Volcamiento,Inexperiencia
2024,Antioquia,2024-04-20,Martes,Lluvia,Húmeda,Plano,Recta,1,0,1,Atropello,Inexperiencia
2024,Cundinamarca,2024-03-13,Miércoles,Nublado,Húmeda,Montañoso,Recta,1,0,1,Colisión,No mantener distancia
2024,Antioquia,2024-05-22,Jueves,Lluvia,Húmeda,Plano,Curva,1,0,1,Atropello,Inexperiencia
2024,Córdoba,2024-05-26,Jueves,Soleado,Seca,Montañoso,Recta,1,0,1,Colisión,Exceso de velocidad
2024,Antioquia,2024-01-28,Martes,Nublado,Húmeda,Plano,Recta,0,1,1,Colisión,Inexperiencia
2024,Córdoba,2024-07-21,Viernes,Soleado,Húmeda,Montañoso,Recta,0,0,0,Colisión,Inexperiencia
2024,Santander,2024-12-03,Domingo,Nublado,Seca,Montañoso,Recta,0,0,0,Colisión,Inexperiencia
2024,Santander,2024-11-21,Martes,Soleado,Húmeda,Montañoso,Curva,0,0,0,Atropello,No mantener distancia
2024,Antioquia,2024-04-02,Domingo,Nublado,Seca,Plano,Curva,0,0,0,Colisión,Inexperiencia
2024,Córdoba,2024-11-26,Viernes,Nublado,Húmeda,Plano,Curva,0,0,0,Volcamiento,No mantener distancia
2024,Santander,2024-02-13,Jueves,Nublado,Húmeda,Plano,Recta,2,0,2,Atropello,Inexperiencia
2024,Córdoba,2024-04-07,Jueves,Soleado,Seca,Montañoso,Curva,0,0,0,Colisión,No mantener distancia
2024,Santander,2024-04-13,Viernes,Soleado,Seca,Plano,Recta,2,0,2,Volcamiento,No mantener distancia
2024,Antioquia,2024-01-01,Domingo,Lluvia,Húmeda,Montañoso,Recta,2,0,2,Colisión,Inexperiencia
2024,Antioquia,2024-10-22,Lunes,Nublado,Seca,Montañoso,Curva,1,0,1,Atropello,Exceso de velocidad
2024,Boyacá,2024-07-01,Martes,Soleado,Húmeda,Plano,Curva,2,0,2,Volcamiento,Inexperiencia
2024,Córdoba,2024-09-10,Miércoles,Lluvia,Húmeda,Plano,Curva,1,0,1,Colisión,Inexperiencia
2024,Córdoba,2024-08-12,Viernes,Nublado,Seca,Plano,Curva,0,0,0,Atropello,No mantener distancia
2024,Cundinamarca,2024-08-02,Domingo,Nublado,Seca,Plano,Curva,1,0,1,Colisión,No mantener distancia
2024,Antioquia,2024-03-25,Viernes,Nublado,Seca,Montañoso,Recta,0,0,0,Atropello,No mantener distancia
2024,Cundinamarca,2024-06-27,Martes,Nublado,Húmeda,Plano,Curva,0,0,0,Atropello,No mantener distancia
2024,Córdoba,2024-12-08,Lunes,Soleado,Húmeda,Plano,Curva,0,0,0,Volcamiento,Inexperiencia
2024,Boyacá,2024-04-17,Domingo,Soleado,Húmeda,Montañoso,Curva,0,1,1,Atropello,Inexperiencia
2024,Córdoba,2024-02-15,Viernes,Lluvia,Seca,Plano,Recta,1,1,2,Volcamiento,Exceso de velocidad
2024,Boyacá,2024-04-16,Sábado,Nublado,Seca,Montañoso,Curva,0,0,0,Atropello,Exceso de velocidad
2024,Boyacá,2024-07-27,Lunes,Lluvia,Seca,Plano,Recta,0,0,0,Volcamiento,Inexperiencia
2024,Cundinamarca,2024-10-14,Domingo,Lluvia,Húmeda,Plano,Recta,1,0,1,Volcamiento,No mantener distancia
2024,Córdoba,2024-02-07,Domingo,Soleado,Seca,Plano,Recta,0,1,1,Colisión,Inexperiencia
2024,Santander,2024-03-28,Jueves,Soleado,Seca,Montañoso,Curva,1,1,2,Volcamiento,Exceso de velocidad