AÑO,DEPARTAMENTO,FECHA_ACC,DIA_SEMANA_ACC,CONDIC_METEOR,ESTADO_SUPER,TERRENO,GEOMETRIA_ACC,N_HERIDOS,N_MUERTOS,N_VICTIMAS,CLASE_ACCIDENTE,CAUSA_POSIBLE
2024,Antioquia,2024-11-01,Lunes,Lluvia,Seca,Plano,Curva,3,0,3,Volcamiento,No mantener distancia
2024,Córdoba,2024-06-19,Viernes,Nublado,Húmeda,Montañoso,Recta,2,1,3,Atropello,Inexperiencia
2024,Santander,2024-03-27,Viernes,Soleado,Seca,Montañoso,Curva,0,0,0,Atropello,Inexperiencia
2024,Cundinamarca,2024-06-14,Domingo,Soleado,Seca,Montañoso,Recta,0,0,0,Volcamiento,No mantener distancia
2024,Antioquia,2024-10-14,Sábado,Lluvia,Húmeda,Montañoso,Curva,0,0,0,Atropello,No mantener distancia
2024,Santander,2024-09-22,Miércoles,Soleado,Seca,Plano,Recta,2,0,2,Colisión,Inexperiencia
2024,Santander,2024-10-21,Domingo,Soleado,Seca,Plano,Recta,2,0,2,Volcamiento,No mantener distancia
2024,Antioquia,2024-03-05,Lunes,Lluvia,Húmeda,Montañoso,Curva,2,0,2,Volcamiento,Inexperiencia
2024,Santander,2024-09-02,Martes,Nublado,Húmeda,Plano,Curva,1,0,1,Atropello,Exceso de velocidad
2024,Santander,2024-10-06,Miércoles,Soleado,Húmeda,Plano,Recta,1,0,1,Atropello,No mantener distancia
2024,Cundinamarca,2024-02-23,Domingo,Soleado,Seca,Montañoso,Recta,1,0,1,Volcamiento,Exceso de velocidad
2024,Córdoba,2024-01-22,Viernes,Soleado,Seca,Plano,Curva,0,0,0,Colisión,Inexperiencia
2024,Santander,2024-04-11,Sábado,Soleado,Seca,Montañoso,Recta,0,0,0,Atropello,Exceso de velocidad
2024,Santander,2024-03-25,Lunes,Nublado,Seca,Montañoso,Recta,0,0,0,Colisión,Inexperiencia
2024,Boyacá,2024-04-02,Jueves,Nublado,Húmeda,Montañoso,Recta,1,0,1,Colisión,Exceso de velocidad
2024,Boyacá,2024-02-12,Martes,Nublado,Húmeda,Montañoso,Recta,0,0,0,Atropello,Exceso de velocidad
2024,Cundinamarca,2024-07-11,Sábado,Lluvia,Seca,Montañoso,Recta,2,0,2,Atropello,Exceso de velocidad
2024,Antioquia,2024-04-27,Sábado,Lluvia,Seca,Plano,Curva,0,1,1,Colisión,Inexperiencia
2024,Cundinamarca,2024-07-14,Lunes,Soleado,Húmeda,Montañoso,Curva,0,0,0,Colisión,Exceso de velocidad
2024,Córdoba,2024-09-21,Jueves,Lluvia,Seca,Plano,Curva,1,0,1,Atropello,Exceso de velocidad
2024,Santander,2024-07-13,Miércoles,Soleado,Seca,Plano,Curva,1,1,2,Atropello,Inexperiencia
2024,Antioquia,2024-10-15,Jueves,Soleado,Húmeda,Montañoso,Recta,0,1,1,Volcamiento,Inexperiencia
2024,Cundinamarca,2024-04-21,Jueves,Lluvia,Húmeda,Plano,Recta,1,0,1,Atropello,No mantener distancia
2024,Córdoba,2024-08-06,Domingo,Lluvia,Seca,Montañoso,Recta,0,0,0,Atropello,No mantener distancia
2024,Córdoba,2024-02-16,Martes,Lluvia,Húmeda,Plano,Curva,0,0,0,Volcamiento,No mantener distancia
2024,Boyacá,2024-07-10,Sábado,Lluvia,Seca,Plano,Recta,1,0,1,Atropello,Exceso de velocidad
2024,Antioquia,2024-10-23,Lunes,Soleado,Húmeda,Plano,Curva,1,0,1,Atropello,Exceso de velocidad
2024,Cundinamarca,2024-03-18,Domingo,Soleado,Seca,Montañoso,Curva,0,1,1,Atropello,Inexperiencia
2024,Boyacá,2024-06-13,Domingo,Lluvia,Húmeda,Plano,Curva,2,0,2,Atropello,Exceso de velocidad
2024,Santander,2024-07-08,Sábado,Nublado,Seca,Montañoso,Recta,0,0,0,Volcamiento,Exceso de velocidad
2024,Santander,2024-07-11,Martes,Soleado,Seca,Plano,Curva,1,0,1,Colisión,Exceso de velocidad
2024,Córdoba,2024-01-07,Domingo,Lluvia,Húmeda,Plano,Curva,0,0,0,Volcamiento,Exceso de velocidad
2024,Antioquia,2024-04-22,Lunes,Lluvia,Húmeda,Plano,Curva,0,0,0,Atropello,Exceso de velocidad
2024,Boyacá,2024-10-06,Domingo,Soleado,Seca,Montañoso,Recta,0,1,1,Atropello,Inexperiencia
2024,Boyacá,2024-02-10,Domingo,Soleado,Seca,Plano,Curva,1,0,1,Atropello,Inexperiencia
2024,Santander,2024-11-20,Viernes,Soleado,Seca,Plano,Curva,0,0,0,Atropello,No mantener distancia
2024,Córdoba,2024-04-06,Martes,Nublado,Húmeda,Plano,Curva,0,0,0,Colisión,No mantener distancia
2024,Santander,2024-02-23,Viernes,Nublado,Húmeda,Montañoso,Curva,0,0,0,Colisión,Exceso de velocidad
2024,Santander,2024-05-23,Sábado,Soleado,Seca,Plano,Curva,0,0,0,Colisión,Exceso de velocidad
2024,Boyacá,2024-03-13,Lunes,Nublado,Seca,Plano,Recta,1,0,1,Atropello,Inexperiencia
2024,Santander,2024-12-17,Martes,Nublado,Húmeda,Montañoso,Recta,0,0,0,Colisión,Inexperiencia
2024,Boyacá,2024-11-16,Viernes,Soleado,Húmeda,Plano,Recta,0,0,0,Colisión,No mantener distancia
2024,Córdoba,2024-09-04,Sábado,Lluvia,Seca,Montañoso,Recta,1,0,1,Atropello,No mantener distancia
2024,Boyacá,2024-05-12,Lunes,Soleado,Húmeda,Plano,Curva,0,0,0,Atropello,No mantener distancia
2024,Antioquia,2024-12-13,Viernes,Lluvia,Seca,Plano,Recta,0,0,0,Atropello,Exceso de velocidad
2024,Boyacá,2024-02-20,Lunes,Nublado,Seca,Montañoso,Curva,0,1,1,Volcamiento,Inexperiencia
2024,Santander,2024-08-06,Jueves,Lluvia,Seca,Montañoso,Recta,0,0,0,Atropello,Inexperiencia
2024,Boyacá,2024-08-15,Domingo,Nublado,Húmeda,Montañoso,Curva,2,0,2,Atropello,Exceso de velocidad
2024,Córdoba,2024-03-26,Sábado,Lluvia,Húmeda,Plano,Curva,1,0,1,Atropello,No mantener distancia
2024,Santander,2024-11-03,Lunes,Lluvia,Seca,Plano,Recta,1,0,1,Atropello,Inexperiencia
2024,Cundinamarca,2024-12-20,Martes,Lluvia,Húmeda,Plano,Curva,0,0,0,Volcamiento,Exceso de velocidad
2024,Santander,2024-06-12,Domingo,Nublado,Seca,Montañoso,Curva,0,0,0,Volcamiento,No mantener distancia
2024,Boyacá,2024-10-21,Martes,Nublado,Seca,Plano,Recta,1,0,1,Volcamiento,No mantener distancia
2024,Antioquia,2024-02-18,Domingo,Soleado,Seca,Montañoso,Recta,0,1,1,Volcamiento,Inexperiencia
2024,Córdoba,2024-08-18,Viernes,Nublado,Seca,Montañoso,Recta,0,0,0,Colisión,No mantener distancia
2024,Boyacá,2024-01-12,Miércoles,Soleado,Seca,Plano,Recta,0,0,0,Volcamiento,Inexperiencia
2024,Santander,2024-11-04,Domingo,Soleado,Húmeda,Plano,Recta,1,0,1,Volcamiento,Inexperiencia
2024,Córdoba,2024-11-13,Martes,Nublado,Seca,Plano,Curva,1,0,1,Atropello,No mantener distancia
2024,Cundinamarca,2024-04-19,Lunes,Soleado,Húmeda,Montañoso,Recta,2,0,2,Atropello,No mantener distancia
2024,Córdoba,2024-04-28,Viernes,Lluvia,Húmeda,Montañoso,Curva,1,0,1,Colisión,Exceso de velocidad
2024,Córdoba,2024-02-21,Domingo,Soleado,Húmeda,Montañoso,Recta,0,0,0,Volcamiento,Exceso de velocidad
2024,Santander,2024-06-05,Domingo,Lluvia,Seca,Montañoso,Curva,1,0,1,Atropello,No mantener distancia
2024,Cundinamarca,2024-06-23,Jueves,Lluvia,Seca,Montañoso,Recta,1,1,2,Volcamiento,Exceso de velocidad
2024,Santander,2024-06-26,Miércoles,Nublado,Húmeda,Montañoso,Curva,0,0,0,Colisión,Exceso de velocidad
2024,Santander,2024-11-25,Martes,Soleado,Húmeda,Plano,Recta,1,0,1,Colisión,Exceso de velocidad
2024,Cundinamarca,2024-02-17,Martes,Lluvia,Húmeda,Plano,Curva,1,0,1,Colisión,Exceso de velocidad
2024,Córdoba,2024-12-19,Lunes,Lluvia,Húmeda,Plano,Curva,3,0,3,Colisión,No mantener distancia
2024,Santander,2024-09-24,Domingo,Lluvia,Seca,Plano,Recta,1,0,1,Colisión,Inexperiencia
2024,Antioquia,2024-09-03,Sábado,Soleado,Húmeda,Montañoso,Curva,1,0,1,Colisión,No mantener distancia
2024,Cundinamarca,2024-10-19,Jueves,Soleado,Húmeda,Montañoso,Curva,1,0,1,Volcamiento,Exceso de velocidad
2024,Santander,2024-05-17,Martes,Nublado,Húmeda,Montañoso,Recta,2,0,2,Colisión,Inexperiencia
2024,Cundinamarca,2024-12-15,Domingo,Nublado,Húmeda,Plano,Curva,3,1,4,Colisión,No mantener distancia
2024,Antioquia,2024-11-27,Martes,Soleado,Seca,Plano,Curva,0,0,0,Volcamiento,Inexperiencia
2024,Antioquia,2024-06-04,Domingo,Nublado,Húmeda,Plano,Curva,1,0,1,Colisión,No mantener distancia
2024,Córdoba,2024-09-27,Sábado,Lluvia,Seca,Plano,Curva,0,1,1,Atropello,Exceso de velocidad
2024,Boyacá,2024-04-03,Domingo,Soleado,Húmeda,Montañoso,Curva,0,0,0,Colisión,No mantener distancia
2024,Santander,2024-01-08,Lunes,Soleado,Húmeda,Plano,Recta,3,0,3,Colisión,No mantener distancia
2024,Córdoba,2024-08-16,Sábado,Nublado,Seca,Montañoso,Curva,0,0,0,Atropello,Exceso de velocidad
2024,Boyacá,2024-05-27,Viernes,Nublado,Seca,Montañoso,Curva,1,0,1,Colisión,No mantener distancia
2024,Santander,2024-07-02,Domingo,Nublado,Seca,Montañoso,Curva,1,0,1,Colisión,No mantener distancia
2024,Cundinamarca,2024-05-27,Jueves,Nublado,Húmeda,Montañoso,Recta,0,0,0,Volcamiento,Exceso de velocidad
2024,Antioquia,2024-05-21,Lunes,Soleado,Húmeda,Plano,Recta,1,0,1,Volcamiento,No mantener distancia
2024,Cundinamarca,2024-06-09,Martes,Soleado,Húmeda,Plano,Curva,0,0,0,Colisión,No mantener distancia
2024,Boyacá,2024-08-24,Lunes,Lluvia,Seca,Plano,Curva,1,0,1,Colisión,Exceso de velocidad
2024,Boyacá,2024-05-04,Lunes,Soleado,Seca,Plano,Curva,0,0,0,Volcamiento,Exceso de velocidad
2024,Cundinamarca,2024-11-14,Viernes,Nublado,Seca,Plano,Recta,4,0,4,Atropello,No mantener distancia
2024,Cundinamarca,2024-05-20,Sábado,Lluvia,Seca,Montañoso,Curva,0,0,0,Volcamiento,Inexperiencia
2024,Antioquia,2024-01-15,Domingo,Nublado,Seca,Montañoso,Recta,1,0,1,Volcamiento,No mantener distancia
2024,Santander,2024-07-16,Jueves,Soleado,Húmeda,Plano,Recta,0,0,0,Atropello,Inexperiencia
2024,Cundinamarca,2024-08-27,Miércoles,Nublado,Húmeda,Montañoso,Recta,1,0,1,Colisión,Inexperiencia
2024,Cundinamarca,2024-07-01,Lunes,Soleado,Seca,Plano,Curva,0,0,0,Volcamiento,Exceso de velocidad
2024,Córdoba,2024-07-23,Jueves,Lluvia,Seca,Montañoso,Curva,1,0,1,Colisión,Inexperiencia
2024,Antioquia,2024-02-11,Jueves,Nublado,Seca,Montañoso,Curva,3,0,3,Colisión,Inexperiencia
2024,Santander,2024-02-20,Jueves,Nublado,Húmeda,Plano,Curva,1,0,1,Atropello,Inexperiencia
2024,Boyacá,2024-09-26,Lunes,Soleado,Húmeda,Plano,Curva,2,0,2,Atropello,Inexperiencia
2024,Boyacá,2024-12-15,Sábado,Lluvia,Húmeda,Montañoso,Recta,3,0,3,Atropello,No mantener distancia
2024,Cundinamarca,2024-02-07,Lunes,Lluvia,Húmeda,Montañoso,Curva,0,1,1,Volcamiento,Inexperiencia
2024,Antioquia,2024-06-15,Jueves,Nublado,Húmeda,Montañoso,Curva,0,0,0,Colisión,Inexperiencia
2024,Córdoba,2024-01-21,Miércoles,Nublado,Húmeda,Plano,Recta,0,0,0,Atropello,Exceso de velocidad
2024,Córdoba,2024-09-07,Miércoles,Soleado,Seca,Plano,Recta,0,0,0,Atropello,Inexperiencia
2024,Córdoba,2024-08-26,Viernes,Lluvia,Seca,Montañoso,Recta,0,0,0,Atropello,Exceso de velocidad
2024,Córdoba,2024-07-04,Viernes,Lluvia,Seca,Plano,Curva,3,0,3,Atropello,Exceso de velocidad
2024,Santander,2024-09-19,Martes,Nublado,Húmeda,Plano,Curva,3,0,3,Volcamiento,Exceso de velocidad
2024,Cundinamarca,2024-04-14,Miércoles,Lluvia,Húmeda,Plano,Recta,0,0,0,Colisión,Inexperiencia
2024,Antioquia,2024-08-23,Sábado,Nublado,Seca,Plano,Recta,1,0,1,Volcamiento,Inexperiencia
2024,Santander,2024-08-27,Domingo,Soleado,Seca,Plano,Curva,1,0,1,Atropello,Inexperiencia
2024,Cundinamarca,2024-08-24,Viernes,Nublado,Seca,Montañoso,Curva,0,0,0,Atropello,Inexperiencia
2024,Córdoba,2024-05-02,Sábado,Nublado,Húmeda,Plano,Recta,0,0,0,Colisión,Exceso de velocidad
2024,Cundinamarca,2024-09-20,Lunes,Lluvia,Húmeda,Plano,Curva,0,0,0,Atropello,No mantener distancia
2024,Cundinamarca,2024-10-16,Viernes,Nublado,Húmeda,Montañoso,Recta,0,1,1,Atropello,No mantener distancia
2024,Antioquia,2024-11-26,Sábado,Lluvia,Seca,Montañoso,Recta,0,0,0,Colisión,Exceso de velocidad
2024,Córdoba,2024-01-11,Jueves,Lluvia,Húmeda,Plano,Recta,0,0,0,Atropello,Inexperiencia
2024,Córdoba,2024-10-07,Viernes,Lluvia,Húmeda,Montañoso,Recta,0,0,0,Colisión,Exceso de velocidad
2024,Santander,2024-07-26,Viernes,Lluvia,Seca,Plano,Recta,0,0,0,Volcamiento,Exceso de velocidad
2024,Boyacá,2024-03-06,Martes,Lluvia,Seca,Plano,Curva,0,0,0,Volcamiento,Exceso de velocidad
2024,Boyacá,2024-04-01,Sábado,Soleado,Seca,Montañoso,Recta,1,0,1,Volcamiento,Inexperiencia
2024,Córdoba,2024-08-27,Jueves,Soleado,Seca,Plano,Curva,0,0,0,Volcamiento,Exceso de velocidad
2024,Antioquia,2024-12-27,Viernes,Nublado,Seca,Plano,Recta,1,0,1,Volcamiento,No mantener distancia
2024,Cundinamarca,2024-02-25,Sábado,Nublado,Seca,Plano,Recta,1,0,1,Volcamiento,Inexperiencia
2024,Santander,2024-04-28,Viernes,Nublado,Seca,Montañoso,Curva,1,0,1,Colisión,Exceso de velocidad
2024,Córdoba,2024-06-15,Viernes,Lluvia,Seca,Montañoso,Recta,0,0,0,Atropello,Inexperiencia
2024,Antioquia,2024-09-09,Sábado,Nublado,Seca,Plano,Curva,0,0,0,Colisión,No mantener distancia
2024,Antioquia,2024-07-17,Viernes,Soleado,Seca,Plano,Recta,0,0,0,Volcamiento,Inexperiencia
2024,Boyacá,2024-05-16,Lunes,Nublado,Seca,Montañoso,Recta,0,0,0,Volcamiento,No mantener distancia
2024,Antioquia,2024-01-12,Jueves,Lluvia,Seca,Plano,Curva,0,0,0,Colisión,No mantener distancia
2024,Córdoba,2024-10-18,Domingo,Nublado,Húmeda,Montañoso,Recta,0,0,0,Atropello,Inexperiencia
2024,Boyacá,2024-07-14,Viernes,Soleado,Húmeda,Montañoso,Recta,0,0,0,Atropello,No mantener distancia
2024,Boyacá,2024-03-17,Lunes,Lluvia,Seca,Plano,Recta,1,0,1,Atropello,Inexperiencia
2024,Cundinamarca,2024-01-26,Jueves,Soleado,Húmeda,Plano,Recta,1,0,1,Atropello,Inexperiencia
2024,Córdoba,2024-05-14,Viernes,Soleado,Seca,Plano,Curva,1,0,1,Colisión,Exceso de velocidad
2024,Antioquia,2024-05-04,Domingo,Soleado,Húmeda,Plano,Curva,1,0,1,Atropello,Inexperiencia
2024,Córdoba,2024-06-18,Sábado,Lluvia,Húmeda,Montañoso,Recta,0,0,0,Colisión,No mantener distancia
2024,Santander,2024-12-06,Jueves,Lluvia,Seca,Plano,Curva,0,0,0,Atropello,Exceso de velocidad
2024,Córdoba,2024-09-14,Jueves,Nublado,Húmeda,Montañoso,Curva,0,0,0,Atropello,Inexperiencia
2024,Córdoba,2024-07-24,Domingo,Nublado,Seca,Plano,Curva,2,0,2,Volcamiento,No mantener distancia
2024,Córdoba,2024-06-13,Martes,Lluvia,Seca,Montañoso,Curva,0,0,0,Volcamiento,No mantener distancia
2024,Antioquia,2024-11-05,Martes,Nublado,Húmeda,Plano,Recta,0,0,0,Atropello,Exceso de velocidad
2024,Santander,2024-05-19,Martes,Lluvia,Seca,Montañoso,Curva,1,0,1,Atropello,No mantener distancia
2024,Antioquia,2024-06-11,Lunes,Nublado,Húmeda,Plano,Recta,1,1,2,Colisión,Inexperiencia
2024,Córdoba,2024-02-18,Domingo,Soleado,Húmeda,Plano,Curva,0,1,1,Atropello,Exceso de velocidad
2024,Córdoba,2024-02-23,Miércoles,Soleado,Seca,Plano,Curva,1,0,1,Colisión,Inexperiencia
2024,Cundinamarca,2024-08-21,Viernes,Nublado,Húmeda,Montañoso,Curva,0,0,0,Atropello,Exceso de velocidad
2024,Boyacá,2024-07-16,Viernes,Nublado,Húmeda,Plano,Recta,0,0,0,Atropello,No mantener distancia
2024,Córdoba,2024-03-17,Viernes,Lluvia,Húmeda,Montañoso,Recta,2,0,2,Volcamiento,Inexperiencia
2024,Boyacá,2024-03-08,Domingo,Soleado,Húmeda,Montañoso,Curva,1,0,1,Colisión,Inexperiencia
2024,Boyacá,2024-11-26,Sábado,Nublado,Húmeda,Plano,Recta,1,0,1,Volcamiento,Inexperiencia
2024,Cundinamarca,2024-06-19,Miércoles,Nublado,Húmeda,Plano,Curva,0,0,0,Atropello,No mantener distancia
2024,Cundinamarca,2024-02-16,Domingo,Nublado,Seca,Montañoso,Curva,1,1,2,Colisión,No mantener distancia
2024,Córdoba,2024-06-26,Domingo,Nublado,Húmeda,Plano,Recta,0,0,0,Volcamiento,Inexperiencia
2024,Santander,2024-08-05,Jueves,Lluvia,Seca,Plano,Recta,1,0,1,Colisión,Inexperiencia
2024,Cundinamarca,2024-10-13,Viernes,Soleado,Húmeda,Montañoso,Recta,1,0,1,Colisión,No mantener distancia
2024,Cundinamarca,2024-04-27,Sábado,Soleado,Húmeda,Plano,Curva,1,0,1,Colisión,No mantener distancia
2024,Antioquia,2024-06-25,Miércoles,Nublado,Seca,Plano,Recta,0,1,1,Volcamiento,No mantener distancia
2024,Santander,2024-07-27,Sábado,Soleado,Seca,Montañoso,Curva,1,0,1,Colisión,Exceso de velocidad
2024,Boyacá,2024-03-14,Miércoles,Nublado,Seca,Plano,Curva,3,0,3,Colisión,Inexperiencia
2024,Boyacá,2024-01-02,Domingo,Nublado,Húmeda,Plano,Recta,0,0,0,Colisión,Inexperiencia
2024,Córdoba,2024-08-07,Sábado,Lluvia,Húmeda,Montañoso,Curva,0,0,0,Volcamiento,Inexperiencia
2024,Cundinamarca,2024-08-01,Viernes,Lluvia,Húmeda,Plano,Recta,0,0,0,Colisión,Exceso de velocidad
2024,Antioquia,2024-09-11,Jueves,Nublado,Seca,Montañoso,Recta,3,0,3,Atropello,No mantener distancia
2024,Santander,2024-04-16,Domingo,Soleado,Húmeda,Montañoso,Recta,2,0,2,Colisión,No mantener distancia
2024,Antioquia,2024-12-11,Sábado,Nublado,Húmeda,Plano,Recta,0,0,0,Atropello,Exceso de velocidad
2024,Cundinamarca,2024-11-25,Sábado,Lluvia,Seca,Montañoso,Curva,1,0,1,Volcamiento,Exceso de velocidad
2024,Santander,2024-07-10,Domingo,Nublado,Húmeda,Plano,Recta,1,0,1,Volcamiento,Inexperiencia
2024,Córdoba,2024-10-01,Miércoles,Soleado,Seca,Montañoso,Recta,1,0,1,Volcamiento,No mantener distancia
2024,Cundinamarca,2024-02-26,Sábado,Soleado,Seca,Plano,Curva,2,0,2,Volcamiento,Exceso de velocidad
2024,Cundinamarca,2024-04-15,Miércoles,Nublado,Húmeda,Plano,Curva,0,0,0,Volcamiento,Exceso de velocidad
2024,Santander,2024-04-05,Domingo,Soleado,Seca,Montañoso,Curva,0,0,0,Colisión,Inexperiencia
2024,Antioquia,2024-10-05,Martes,Lluvia,Seca,Montañoso,Curva,0,1,1,Colisión,Inexperiencia
2024,Santander,2024-04-08,Lunes,Soleado,Húmeda,Plano,Recta,1,0,1,Atropello,Inexperiencia
2024,Boyacá,2024-01-19,Martes,Soleado,Seca,Plano,Recta,0,1,1,Atropello,No mantener distancia
2024,Cundinamarca,2024-11-28,Miércoles,Lluvia,Seca,Montañoso,Recta,3,0,3,Colisión,No mantener distancia
2024,Santander,2024-12-27,Martes,Soleado,Húmeda,Montañoso,Curva,0,0,0,Volcamiento,Inexperiencia
2024,Santander,2024-01-14,Martes,Lluvia,Seca,Montañoso,Curva,1,0,1,Atropello,Exceso de velocidad
2024,Cundinamarca,2024-05-07,Jueves,Soleado,Húmeda,Plano,Recta,0,0,0,Colisión,No mantener distancia
2024,Santander,2024-05-23,Domingo,Soleado,Húmeda,Plano,Curva,1,0,1,Volcamiento,Exceso de velocidad
2024,Boyacá,2024-01-27,Miércoles,Lluvia,Seca,Montañoso,Recta,0,1,1,Atropello,Inexperiencia
2024,Antioquia,2024-01-15,Miércoles,Nublado,Seca,Montañoso,Curva,0,0,0,Atropello,Inexperiencia
2024,Boyacá,2024-12-23,Miércoles,Lluvia,Seca,Plano,Recta,1,0,1,Atropello,Exceso de velocidad
2024,Cundinamarca,2024-12-24,Jueves,Soleado,Húmeda,Plano,Curva,0,0,0,Colisión,Inexperiencia
2024,Antioquia,2024-07-10,Domingo,Lluvia,Seca,Plano,Recta,2,1,3,Colisión,Exceso de velocidad
2024,Boyacá,2024-06-07,Martes,Soleado,Seca,Montañoso,Recta,0,0,0,Colisión,No mantener distancia
2024,Antioquia,2024-12-28,Sábado,Nublado,Húmeda,Plano,Curva,0,0,0,Colisión,Exceso de velocidad
2024,Córdoba,2024-12-05,Viernes,Nublado,Húmeda,Plano,Recta,1,1,2,Volcamiento,Exceso de velocidad
2024,Córdoba,2024-09-19,Martes,Soleado,Húmeda,Montañoso,Recta,1,0,1,Volcamiento,Exceso de velocidad
2024,Cundinamarca,2024-05-11,Miércoles,Soleado,Húmeda,Montañoso,Curva,0,0,0,Volcamiento,No mantener distancia
2024,Boyacá,2024-03-01,Viernes,Nublado,Húmeda,Plano,Curva,0,0,0,Colisión,No mantener distancia
2024,Córdoba,2024-08-02,Jueves,Nublado,Seca,Montañoso,Recta,1,0,1,Atropello,Inexperiencia
2024,Santander,2024-09-20,Jueves,Lluvia,Seca,Montañoso,Curva,0,0,0,Atropello,No mantener distancia
2024,Cundinamarca,2024-04-18,Martes,Soleado,Seca,Montañoso,Recta,1,0,1,Volcamiento,No mantener distancia
2024,Antioquia,2024-11-06,Domingo,Soleado,Húmeda,Plano,Recta,1,0,1,Atropello,No mantener distancia
2024,Antioquia,2024-05-27,Domingo,Nublado,Seca,Plano,Curva,0,0,0,Colisión,No mantener distancia
2024,Córdoba,2024-11-12,Domingo,Soleado,Seca,Plano,Recta,2,0,2,Atropello,Inexperiencia
2024,Boyacá,2024-09-15,Lunes,Lluvia,Húmeda,Montañoso,Curva,2,0,2,Colisión,Exceso de velocidad
2024,Boyacá,2024-09-05,Domingo,Nublado,Húmeda,Plano,Recta,0,1,1,Atropello,No mantener distancia
2024,Boyacá,2024-09-11,Jueves,Nublado,Seca,Plano,Recta,0,0,0,Volcamiento,Inexperiencia
2024,Córdoba,2024-01-28,Martes,Soleado,Húmeda,Plano,Curva,1,0,1,Colisión,Exceso de velocidad
2024,Boyacá,2024-12-12,Miércoles,Lluvia,Seca,Montañoso,Recta,0,0,0,Atropello,No mantener distancia
2024,Córdoba,2024-05-03,Miércoles,Lluvia,Húmeda,Plano,Recta,1,0,1,Atropello,Inexperiencia
2024,Santander,2024-12-05,Martes,Lluvia,Seca,Montañoso,Recta,1,0,1,Volcamiento,No mantener distancia
2024,Boyacá,2024-03-23,Sábado,Soleado,Húmeda,Plano,Curva,1,0,1,Volcamiento,Exceso de velocidad
2024,Santander,2024-02-12,Sábado,Nublado,Húmeda,Montañoso,Recta,0,1,1,Volcamiento,Inexperiencia
2024,Antioquia,2024-06-16,Martes,Nublado,Seca,Montañoso,Curva,1,0,1,Volcamiento,Exceso de velocidad
2024,Cundinamarca,2024-12-13,Martes,Nublado,Húmeda,Montañoso,Curva,0,0,0,Volcamiento,Inexperiencia
2024,Boyacá,2024-04-24,Lunes,Soleado,Húmeda,Plano,Recta,2,0,2,Atropello,Inexperiencia
2024,Boyacá,2024-08-19,Domingo,Soleado,Húmeda,Montañoso,Curva,0,0,0,Volcamiento,Exceso de velocidad
2024,Antioquia,2024-08-02,Martes,Soleado,Seca,Montañoso,Curva,1,0,1,Volcamiento,Exceso de velocidad
2024,Santander,2024-01-04,Lunes,Lluvia,Húmeda,Montañoso,Recta,0,0,0,Colisión,Exceso de velocidad
2024,Antioquia,2024-11-03,Domingo,Lluvia,Seca,Plano,Recta,1,0,1,Volcamiento,Exceso de velocidad
2024,Cundinamarca,2024-12-21,Sábado,Lluvia,Seca,Plano,Curva,2,0,2,Colisión,No mantener distancia
2024,Cundinamarca,2024-04-10,Lunes,Soleado,Húmeda,Plano,Curva,1,0,1,Atropello,Exceso de velocidad
2024,Santander,2024-06-12,Lunes,Lluvia,Seca,Montañoso,Recta,0,0,0,Volcamiento,Exceso de velocidad
2024,Antioquia,2024-02-28,Lunes,Nublado,Seca,Montañoso,Recta,0,1,1,Colisión,Inexperiencia
2024,Córdoba,2024-08-23,Lunes,Lluvia,Húmeda,Plano,Recta,0,0,0,Volcamiento,Exceso de velocidad
2024,Cundinamarca,2024-02-21,Sábado,Nublado,Seca,Montañoso,Recta,1,0,1,Colisión,Inexperiencia
2024,Antioquia,2024-01-08,Domingo,Lluvia,Húmeda,Montañoso,Curva,0,1,1,Volcamiento,Exceso de velocidad